INSERT INTO "public"."users" ("email", "role", "name", "phone", "address", "created_at", "updated_at") VALUES ('artfdl963@gmail.com', 'comprador', null, null, null, '2025-05-19 14:13:19.19805+00', '2025-05-19 14:13:19.19805+00'), ('arvicper@gmail.com', 'comprador', null, null, null, '2025-05-18 23:05:44.708481+00', '2025-05-18 23:05:44.708481+00'), ('arvipe@hotmail.com', 'organizador', null, null, null, '2025-05-18 23:04:31.874739+00', '2025-05-18 23:04:31.874739+00');
INSERT INTO "public"."events" ("id", "name", "date", "place", "price", "capacity", "description", "organizer_id", "canceled", "created_at", "updated_at") VALUES ('10', 'Meduza Festival', '2025-08-08', 'Cullera', '80.00', '500', '', '02c3febe-9af1-49c6-94ff-4110da8c7c2d', 'false', '2025-05-19 08:35:11.035204+00', '2025-05-19 08:35:11.035204+00'), ('11', 'Aquasella', '2025-08-08', 'gijon', '120.00', '3', 'musho tecno', '02c3febe-9af1-49c6-94ff-4110da8c7c2d', 'true', '2025-05-19 14:19:16.925961+00', '2025-05-19 14:21:35.262576+00');
INSERT INTO "public"."sales" ("id", "user_email", "events_name", "price", "quantity", "selling_date", "resale_id", "created_at", "updated_at") VALUES ('21', 'artfdl963@gmail.com', 'Meduza Festival', '80.00', '1', '2025-05-19 08:35:48.129+00', null, '2025-05-19 08:35:48.187401+00', '2025-05-19 08:35:48.187401+00'), ('22', 'artfdl963@gmail.com', 'Meduza Festival', '80.00', '1', '2025-05-19 14:15:22.504+00', null, '2025-05-19 14:15:22.577849+00', '2025-05-19 14:15:22.577849+00'), ('23', 'arvicper@gmail.com', 'Meduza Festival', '60.00', '1', '2025-05-19 14:17:05.495+00', '12', '2025-05-19 14:17:05.560148+00', '2025-05-19 14:17:05.560148+00'), ('24', 'artfdl963@gmail.com', 'Aquasella', '120.00', '1', '2025-05-19 14:19:49.584+00', null, '2025-05-19 14:19:49.625965+00', '2025-05-19 14:19:49.625965+00'), ('25', 'artfdl963@gmail.com', 'Aquasella', '120.00', '1', '2025-05-19 14:19:54.389+00', null, '2025-05-19 14:19:54.431917+00', '2025-05-19 14:19:54.431917+00'), ('26', 'artfdl963@gmail.com', 'Aquasella', '120.00', '1', '2025-05-19 14:21:09.59+00', null, '2025-05-19 14:21:09.655065+00', '2025-05-19 14:21:09.655065+00');
INSERT INTO "public"."tickets" ("id", "venta_id", "evento_id", "evento_nombre", "usuario_email", "fecha_emision", "precio", "usado", "en_reventa", "precio_reventa", "qr_code", "created_at", "updated_at") VALUES ('19', '21', '10', 'Meduza Festival', 'artfdl963@gmail.com', '2025-05-19 08:35:48.49+00', '80.00', 'false', 'false', null, 'TICKET-21-1747643748490', '2025-05-19 08:35:48.549215+00', '2025-05-19 08:35:48.549215+00'), ('20', '22', '10', 'Meduza Festival', 'arvicper@gmail.com', '2025-05-19 14:15:22.915+00', '80.00', 'false', 'true', '80.00', 'TICKET-22-1747664122915', '2025-05-19 14:15:22.985135+00', '2025-05-19 14:17:21.233754+00'), ('21', '24', '11', 'Aquasella', 'artfdl963@gmail.com', '2025-05-19 14:19:49.967+00', '120.00', 'false', 'false', null, 'TICKET-24-1747664389967', '2025-05-19 14:19:50.010271+00', '2025-05-19 14:19:50.010271+00'), ('22', '25', '11', 'Aquasella', 'artfdl963@gmail.com', '2025-05-19 14:19:54.779+00', '120.00', 'false', 'true', '120.00', 'TICKET-25-1747664394779', '2025-05-19 14:19:54.827307+00', '2025-05-19 14:21:20.776444+00'), ('23', '26', '11', 'Aquasella', 'artfdl963@gmail.com', '2025-05-19 14:21:09.956+00', '120.00', 'false', 'false', null, 'TICKET-26-1747664469956', '2025-05-19 14:21:10.008418+00', '2025-05-19 14:21:10.008418+00');
INSERT INTO "public"."resales" ("id", "ticket_id", "seller_email", "buyer_email", "price", "original_price", "evento_nombre", "fecha", "estado", "created_at", "updated_at") VALUES ('12', '20', 'artfdl963@gmail.com', 'arvicper@gmail.com', '60.00', '80.00', 'Meduza Festival', '2025-05-19 14:15:44.352+00', 'completada', '2025-05-19 14:15:44.424983+00', '2025-05-19 14:17:05.648581+00'), ('13', '20', 'arvicper@gmail.com', null, '80.00', '80.00', 'Meduza Festival', '2025-05-19 14:17:21.261+00', 'pendiente', '2025-05-19 14:17:21.294387+00', '2025-05-19 14:17:21.294387+00'), ('14', '22', 'artfdl963@gmail.com', null, '120.00', '120.00', 'Aquasella', '2025-05-19 14:21:20.817+00', 'pendiente', '2025-05-19 14:21:20.858202+00', '2025-05-19 14:21:20.858202+00');
INSERT INTO "public"."transactions" ("id", "tipo", "usuario_email", "evento_nombre", "evento_id", "precio", "fecha", "estado", "venta_id", "reventa_id", "created_at", "updated_at") VALUES ('32', 'venta', 'artfdl963@gmail.com', 'Meduza Festival', '10', '80.00', '2025-05-19 08:35:48.223+00', 'completada', '21', null, '2025-05-19 08:35:48.282151+00', '2025-05-19 08:35:48.282151+00'), ('33', 'venta', 'artfdl963@gmail.com', 'Meduza Festival', '10', '80.00', '2025-05-19 14:15:22.617+00', 'completada', '22', null, '2025-05-19 14:15:22.686827+00', '2025-05-19 14:15:22.686827+00'), ('34', 'reventa', 'artfdl963@gmail.com', 'Meduza Festival', null, '60.00', '2025-05-19 14:15:44.472+00', 'completada', null, '12', '2025-05-19 14:15:44.562649+00', '2025-05-19 14:17:05.740632+00'), ('35', 'reventa', 'arvicper@gmail.com', 'Meduza Festival', null, '60.00', '2025-05-19 14:17:05.882+00', 'completada', '23', null, '2025-05-19 14:17:05.948342+00', '2025-05-19 14:17:05.948342+00'), ('36', 'reventa', 'arvicper@gmail.com', 'Meduza Festival', null, '80.00', '2025-05-19 14:17:21.33+00', 'pendiente', null, '13', '2025-05-19 14:17:21.3682+00', '2025-05-19 14:17:21.3682+00'), ('37', 'venta', 'artfdl963@gmail.com', 'Aquasella', '11', '120.00', '2025-05-19 14:19:49.651+00', 'completada', '24', null, '2025-05-19 14:19:49.693301+00', '2025-05-19 14:19:49.693301+00'), ('38', 'venta', 'artfdl963@gmail.com', 'Aquasella', '11', '120.00', '2025-05-19 14:19:54.498+00', 'completada', '25', null, '2025-05-19 14:19:54.535207+00', '2025-05-19 14:19:54.535207+00'), ('39', 'venta', 'artfdl963@gmail.com', 'Aquasella', '11', '120.00', '2025-05-19 14:21:09.709+00', 'completada', '26', null, '2025-05-19 14:21:09.749576+00', '2025-05-19 14:21:09.749576+00'), ('40', 'reventa', 'artfdl963@gmail.com', 'Aquasella', null, '120.00', '2025-05-19 14:21:20.888+00', 'pendiente', null, '14', '2025-05-19 14:21:20.929781+00', '2025-05-19 14:21:20.929781+00');
